[
	{
		"id": 1,
		"name"  : "缤纷果系列",
		"imgURL": "app/style/images/sideNav.png",
		"normal": "0 0",
		"active": "-105px 0",
		"items":[
			{
				"id": 10001,
				"title": "番石榴西瓜汁",
				"subTitle": "Guava Watermelon",
				"imgURL": "itemIMG/watermelon.png",
				"discription": "牛油果的营养价值极高，富含多种维生素和多种矿质元素。雪梨富含维生素等微量元素。两者结合有助于美容、抗衰老、同时也能降血脂。",
				"capacity": 400,
				"price": 19
			},
			{
				"id": 10002,
				"title": "番石榴西瓜汁",
				"subTitle": "Guava Watermelon",
				"imgURL": "itemIMG/watermelon.png",
				"discription": "牛油果的营养价值极高，富含多种维生素和多种矿质元素。雪梨富含维生素等微量元素。两者结合有助于美容、抗衰老、同时也能降血脂。",
				"capacity": 400,
				"price": 19
			},
			{
				"id": 10003,
				"title": "番石榴西瓜汁",
				"subTitle": "Guava Watermelon",
				"imgURL": "itemIMG/watermelon.png",
				"discription": "牛油果的营养价值极高，富含多种维生素和多种矿质元素。雪梨富含维生素等微量元素。两者结合有助于美容、抗衰老、同时也能降血脂。",
				"capacity": 400,
				"price": 19
			},
			{
				"id": 10004,
				"title": "番石榴西瓜汁",
				"subTitle": "Guava Watermelon",
				"imgURL": "itemIMG/watermelon.png",
				"discription": "牛油果的营养价值极高，富含多种维生素和多种矿质元素。雪梨富含维生素等微量元素。两者结合有助于美容、抗衰老、同时也能降血脂。",
				"capacity": 400,
				"price": 19
			},
			{
				"id": 10005,
				"title": "番石榴西瓜汁",
				"subTitle": "Guava Watermelon",
				"imgURL": "itemIMG/watermelon.png",
				"discription": "牛油果的营养价值极高，富含多种维生素和多种矿质元素。雪梨富含维生素等微量元素。两者结合有助于美容、抗衰老、同时也能降血脂。",
				"capacity": 400,
				"price": 19
			},
			{
				"id": 10006,
				"title": "番石榴西瓜汁",
				"subTitle": "Guava Watermelon",
				"imgURL": "itemIMG/watermelon.png",
				"discription": "牛油果的营养价值极高，富含多种维生素和多种矿质元素。雪梨富含维生素等微量元素。两者结合有助于美容、抗衰老、同时也能降血脂。",
				"capacity": 400,
				"price": 19
			},
			{
				"id": 10007,
				"title": "番石榴西瓜汁",
				"subTitle": "Guava Watermelon",
				"imgURL": "itemIMG/watermelon.png",
				"discription": "牛油果的营养价值极高，富含多种维生素和多种矿质元素。雪梨富含维生素等微量元素。两者结合有助于美容、抗衰老、同时也能降血脂。",
				"capacity": 400,
				"price": 19
			},
			{
				"id": 10008,
				"title": "番石榴西瓜汁",
				"subTitle": "Guava Watermelon",
				"imgURL": "itemIMG/watermelon.png",
				"discription": "牛油果的营养价值极高，富含多种维生素和多种矿质元素。雪梨富含维生素等微量元素。两者结合有助于美容、抗衰老、同时也能降血脂。",
				"capacity": 400,
				"price": 19
			},
			{
				"id": 10009,
				"title": "番石榴西瓜汁",
				"subTitle": "Guava Watermelon",
				"imgURL": "itemIMG/watermelon.png",
				"discription": "牛油果的营养价值极高，富含多种维生素和多种矿质元素。雪梨富含维生素等微量元素。两者结合有助于美容、抗衰老、同时也能降血脂。",
				"capacity": 400,
				"price": 19
			},
			{
				"id": 10010,
				"title": "番石榴西瓜汁",
				"subTitle": "Guava Watermelon",
				"imgURL": "itemIMG/watermelon.png",
				"discription": "牛油果的营养价值极高，富含多种维生素和多种矿质元素。雪梨富含维生素等微量元素。两者结合有助于美容、抗衰老、同时也能降血脂。",
				"capacity": 400,
				"price": 19
			}
		]
	},
	{
		"id": 2,
		"name"  : "果蔬乐系列",
		"imgURL": "app/style/images/sideNav.png",
		"normal": "0 -106px",
		"active": "-105px -106px",
		"items":[
			{
				"id": 20001,
				"title": "凤梨鲜橙汁",
				"subTitle": "Pinapple Orange",
				"imgURL": "itemIMG/pinapple.png",
				"discription": "牛油果的营养价值极高，富含多种维生素和多种矿质元素。雪梨富含维生素等微量元素。两者结合有助于美容、抗衰老、同时也能降血脂。",
				"price": 20,
				"capacity": 400
			},
			{
				"id": 20002,
				"title": "凤梨鲜橙汁",
				"subTitle": "Pinapple Orange",
				"imgURL": "itemIMG/pinapple.png",
				"discription": "牛油果的营养价值极高，富含多种维生素和多种矿质元素。雪梨富含维生素等微量元素。两者结合有助于美容、抗衰老、同时也能降血脂。",
				"price": 20,
				"capacity": 400
			},
			{
				"id": 20003,
				"title": "凤梨鲜橙汁",
				"subTitle": "Pinapple Orange",
				"imgURL": "itemIMG/pinapple.png",
				"discription": "牛油果的营养价值极高，富含多种维生素和多种矿质元素。雪梨富含维生素等微量元素。两者结合有助于美容、抗衰老、同时也能降血脂。",
				"price": 20,
				"capacity": 400
			},
			{
				"id": 20004,
				"title": "凤梨鲜橙汁",
				"subTitle": "Pinapple Orange",
				"imgURL": "itemIMG/pinapple.png",
				"discription": "牛油果的营养价值极高，富含多种维生素和多种矿质元素。雪梨富含维生素等微量元素。两者结合有助于美容、抗衰老、同时也能降血脂。",
				"price": 20,
				"capacity": 400
			},
			{
				"id": 20005,
				"title": "凤梨鲜橙汁",
				"subTitle": "Pinapple Orange",
				"imgURL": "itemIMG/pinapple.png",
				"discription": "牛油果的营养价值极高，富含多种维生素和多种矿质元素。雪梨富含维生素等微量元素。两者结合有助于美容、抗衰老、同时也能降血脂。",
				"price": 20,
				"capacity": 400
			},
			{
				"id": 20006,
				"title": "凤梨鲜橙汁",
				"subTitle": "Pinapple Orange",
				"imgURL": "itemIMG/pinapple.png",
				"discription": "牛油果的营养价值极高，富含多种维生素和多种矿质元素。雪梨富含维生素等微量元素。两者结合有助于美容、抗衰老、同时也能降血脂。",
				"price": 20,
				"capacity": 400
			},
			{
				"id": 20007,
				"title": "凤梨鲜橙汁",
				"subTitle": "Pinapple Orange",
				"imgURL": "itemIMG/pinapple.png",
				"discription": "牛油果的营养价值极高，富含多种维生素和多种矿质元素。雪梨富含维生素等微量元素。两者结合有助于美容、抗衰老、同时也能降血脂。",
				"price": 20,
				"capacity": 400
			}
		]
	},
	{
		"id": 3,
		"name"  : "益美味系列",
		"imgURL": "app/style/images/sideNav.png",
		"normal": "0 -210px",
		"active": "-105px -210px",
		"items": [
			{
				"id": 30001,
				"title": "牛油果雪梨",
				"subTitle": "Avocado Pear",
				"imgURL": "itemIMG/pear.png",
				"discription": "牛油果的营养价值极高，富含多种维生素和多种矿质元素。雪梨富含维生素等微量元素。两者结合有助于美容、抗衰老、同时也能降血脂。",
				"price": 23,
				"capacity": 400
			},
			{
				"id": 30002,
				"title": "牛油果雪梨",
				"subTitle": "Avocado Pear",
				"imgURL": "itemIMG/pear.png",
				"discription": "牛油果的营养价值极高，富含多种维生素和多种矿质元素。雪梨富含维生素等微量元素。两者结合有助于美容、抗衰老、同时也能降血脂。",
				"price": 23,
				"capacity": 400
			},
			{
				"id": 30003,
				"title": "牛油果雪梨",
				"subTitle": "Avocado Pear",
				"imgURL": "itemIMG/pear.png",
				"discription": "牛油果的营养价值极高，富含多种维生素和多种矿质元素。雪梨富含维生素等微量元素。两者结合有助于美容、抗衰老、同时也能降血脂。",
				"price": 23,
				"capacity": 400
			},
			{
				"id": 30004,
				"title": "牛油果雪梨",
				"subTitle": "Avocado Pear",
				"imgURL": "itemIMG/pear.png",
				"discription": "牛油果的营养价值极高，富含多种维生素和多种矿质元素。雪梨富含维生素等微量元素。两者结合有助于美容、抗衰老、同时也能降血脂。",
				"price": 23,
				"capacity": 400
			},
			{
				"id": 30005,
				"title": "牛油果雪梨",
				"subTitle": "Avocado Pear",
				"imgURL": "itemIMG/pear.png",
				"discription": "牛油果的营养价值极高，富含多种维生素和多种矿质元素。雪梨富含维生素等微量元素。两者结合有助于美容、抗衰老、同时也能降血脂。",
				"price": 23,
				"capacity": 400
			},
			{
				"id": 30006,
				"title": "牛油果雪梨",
				"subTitle": "Avocado Pear",
				"imgURL": "itemIMG/pear.png",
				"discription": "牛油果的营养价值极高，富含多种维生素和多种矿质元素。雪梨富含维生素等微量元素。两者结合有助于美容、抗衰老、同时也能降血脂。",
				"price": 23,
				"capacity": 400
			},
			{
				"id": 30007,
				"title": "牛油果雪梨",
				"subTitle": "Avocado Pear",
				"imgURL": "itemIMG/pear.png",
				"discription": "牛油果的营养价值极高，富含多种维生素和多种矿质元素。雪梨富含维生素等微量元素。两者结合有助于美容、抗衰老、同时也能降血脂。",
				"price": 23,
				"capacity": 400
			},
			{
				"id": 30008,
				"title": "牛油果雪梨",
				"subTitle": "Avocado Pear",
				"imgURL": "itemIMG/pear.png",
				"discription": "牛油果的营养价值极高，富含多种维生素和多种矿质元素。雪梨富含维生素等微量元素。两者结合有助于美容、抗衰老、同时也能降血脂。",
				"price": 23,
				"capacity": 400
			},
			{
				"id": 30009,
				"title": "牛油果雪梨",
				"subTitle": "Avocado Pear",
				"imgURL": "itemIMG/pear.png",
				"discription": "牛油果的营养价值极高，富含多种维生素和多种矿质元素。雪梨富含维生素等微量元素。两者结合有助于美容、抗衰老、同时也能降血脂。",
				"price": 23,
				"capacity": 400
			},
			{
				"id": 30010,
				"title": "牛油果雪梨",
				"subTitle": "Avocado Pear",
				"imgURL": "itemIMG/pear.png",
				"discription": "牛油果的营养价值极高，富含多种维生素和多种矿质元素。雪梨富含维生素等微量元素。两者结合有助于美容、抗衰老、同时也能降血脂。",
				"price": 23,
				"capacity": 400
			}
		]
	},
	{
		"id": 4,
		"name"  : "优格格系列",
		"imgURL": "app/style/images/sideNav.png",
		"normal": "0 -315px",
		"active": "-105px -315px",
		"items": [
			{
				"id": 40001,
				"title": "蓝莓鲜橙汁",
				"subTitle": "Blueberry Orange",
				"imgURL": "itemIMG/blueberry.png",
				"discription": "牛油果的营养价值极高，富含多种维生素和多种矿质元素。雪梨富含维生素等微量元素。两者结合有助于美容、抗衰老、同时也能降血脂。",
				"price": 28,
				"capacity": 400
			},
			{
				"id": 40002,
				"title": "蓝莓鲜橙汁",
				"subTitle": "Blueberry Orange",
				"imgURL": "itemIMG/blueberry.png",
				"discription": "牛油果的营养价值极高，富含多种维生素和多种矿质元素。雪梨富含维生素等微量元素。两者结合有助于美容、抗衰老、同时也能降血脂。",
				"price": 28,
				"capacity": 400
			},
			{
				"id": 40003,
				"title": "蓝莓鲜橙汁",
				"subTitle": "Blueberry Orange",
				"imgURL": "itemIMG/blueberry.png",
				"discription": "牛油果的营养价值极高，富含多种维生素和多种矿质元素。雪梨富含维生素等微量元素。两者结合有助于美容、抗衰老、同时也能降血脂。",
				"price": 28,
				"capacity": 400
			},
			{
				"id": 40004,
				"title": "蓝莓鲜橙汁",
				"subTitle": "Blueberry Orange",
				"imgURL": "itemIMG/blueberry.png",
				"discription": "牛油果的营养价值极高，富含多种维生素和多种矿质元素。雪梨富含维生素等微量元素。两者结合有助于美容、抗衰老、同时也能降血脂。",
				"price": 28,
				"capacity": 400
			},
			{
				"id": 40005,
				"title": "蓝莓鲜橙汁",
				"subTitle": "Blueberry Orange",
				"imgURL": "itemIMG/blueberry.png",
				"discription": "牛油果的营养价值极高，富含多种维生素和多种矿质元素。雪梨富含维生素等微量元素。两者结合有助于美容、抗衰老、同时也能降血脂。",
				"price": 28,
				"capacity": 400
			},
			{
				"id": 40006,
				"title": "蓝莓鲜橙汁",
				"subTitle": "Blueberry Orange",
				"imgURL": "itemIMG/blueberry.png",
				"discription": "牛油果的营养价值极高，富含多种维生素和多种矿质元素。雪梨富含维生素等微量元素。两者结合有助于美容、抗衰老、同时也能降血脂。",
				"price": 28,
				"capacity": 400
			},
			{
				"id": 40007,
				"title": "蓝莓鲜橙汁",
				"subTitle": "Blueberry Orange",
				"imgURL": "itemIMG/blueberry.png",
				"discription": "牛油果的营养价值极高，富含多种维生素和多种矿质元素。雪梨富含维生素等微量元素。两者结合有助于美容、抗衰老、同时也能降血脂。",
				"price": 28,
				"capacity": 400
			},
			{
				"id": 40008,
				"title": "蓝莓鲜橙汁",
				"subTitle": "Blueberry Orange",
				"imgURL": "itemIMG/blueberry.png",
				"discription": "牛油果的营养价值极高，富含多种维生素和多种矿质元素。雪梨富含维生素等微量元素。两者结合有助于美容、抗衰老、同时也能降血脂。",
				"price": 28,
				"capacity": 400
			},
			{
				"id": 40009,
				"title": "蓝莓鲜橙汁",
				"subTitle": "Blueberry Orange",
				"imgURL": "itemIMG/blueberry.png",
				"discription": "牛油果的营养价值极高，富含多种维生素和多种矿质元素。雪梨富含维生素等微量元素。两者结合有助于美容、抗衰老、同时也能降血脂。",
				"price": 28,
				"capacity": 400
			},
			{
				"id": 40010,
				"title": "蓝莓鲜橙汁",
				"subTitle": "Blueberry Orange",
				"imgURL": "itemIMG/blueberry.png",
				"discription": "牛油果的营养价值极高，富含多种维生素和多种矿质元素。雪梨富含维生素等微量元素。两者结合有助于美容、抗衰老、同时也能降血脂。",
				"price": 28,
				"capacity": 400
			},
			{
				"id": 40011,
				"title": "蓝莓鲜橙汁",
				"subTitle": "Blueberry Orange",
				"imgURL": "itemIMG/blueberry.png",
				"discription": "牛油果的营养价值极高，富含多种维生素和多种矿质元素。雪梨富含维生素等微量元素。两者结合有助于美容、抗衰老、同时也能降血脂。",
				"price": 28,
				"capacity": 400
			}
		]
	}
]